[
  {
    "email": "antonio@gmail.com",
    "senha": "123",
    "usuario": "antonio",
    "tipo": "aluno"
  },
  {
    "email": "maria@exemplo.com",
    "senha": "1234",
    "usuario": "maria",
    "tipo": "monitor"
  },
  {
    "email": "joao@exemplo.com",
    "senha": "1234",
    "usuario": "joao",
    "tipo": "monitor"
  },
  {
    "email": "eu@gmail.com",
    "senha": "1234",
    "usuario": "eu",
    "tipo": "aluno"
  },
  {
    "email": "davimbechior@gmail.com",
    "senha": "dmb192004",
    "usuario": "Davi",
    "tipo": "aluno"
  },
  {
    "email": "Al@gmail.com",
    "senha": "ai",
    "usuario": "ai",
    "tipo": "monitor"
  }
]