[
  {
    "usuario": "antonio@gmail.com",
    "rating": "4",
    "sugestao": "Mais horários",
    "comentario": "Está bom"
  },
  {
    "usuario": "davimbechior@gmail.com",
    "rating": null,
    "sugestao": "",
    "comentario": ""
  },
  {
    "usuario": "teste@exemplo.com",
    "rating": "5",
    "sugestao": "Muito bom",
    "comentario": "Sistema ótimo"
  },
  {
    "usuario": "teste@exemplo.com",
    "rating": "5",
    "sugestao": "Muito bom",
    "comentario": "Sistema ótimo"
  },
  {
    "usuario": "teste@exemplo.com",
    "rating": "5",
    "sugestao": "Muito bom",
    "comentario": "Sistema ótimo"
  },
  {
    "usuario": "teste@exemplo.com",
    "rating": "5",
    "sugestao": "Muito bom",
    "comentario": "Sistema ótimo"
  },
  {
    "usuario": "teste@exemplo.com",
    "rating": "5",
    "sugestao": "Muito bom",
    "comentario": "Sistema ótimo"
  },
  {
    "usuario": "teste@exemplo.com",
    "rating": "5",
    "sugestao": "Muito bom",
    "comentario": "Sistema ótimo"
  },
  {
    "usuario": "teste@exemplo.com",
    "rating": "5",
    "sugestao": "Muito bom",
    "comentario": "Sistema ótimo"
  }
]